,id,average0,average1,average2,average3,average4,average5,average6,average7,average8,average9,average10,average11,average12,average13,average14,average15,average16,average17,average18,average19,average20,average21,average22,average23,average24,rating,z_score,category,binary_category
0,recording0.mp3,4.517,201.58325,328.46100000000007,290.0105,256.30775,198.84724999999995,132.91649999999998,331.77824999999996,306.8637500000001,306.6124999999999,400.6162499999999,134.99175,376.15024999999997,524.24875,411.15275,366.09225000000004,138.65249999999997,332.12949999999995,699.61275,788.6062499999999,789.76575,695.6712500000001,670.90225,38.64775,0.0,9.5,1.510151246500831,good,good
1,recording1.mp3,10.9785,164.35574999999997,331.92449999999997,299.9485,184.87000000000006,74.60825,300.43899999999996,342.71000000000004,329.65749999999997,333.64349999999996,154.771,227.66749999999996,434.21275,441.54050000000007,369.5632499999999,279.43775000000005,132.29725,368.37675,319.58799999999997,268.7575,317.2605,331.59425,344.7075000000001,350.21,273.6185,9.25,1.1828733721031206,good,good
2,recording2.mp3,189.94699999999995,64.331,118.86749999999999,211.52300000000005,268.845,368.01649999999995,248.77800000000002,266.02175,373.45224999999994,275.78649999999993,386.0219999999999,317.6205000000001,406.2540000000001,343.93924999999984,266.0995,471.44275,283.97575,440.6482500000002,258.0375,217.16600000000003,431.846,690.1937499999998,340.30125,300.2507499999999,496.5034999999999,4.0,-1.1292158505012897,bad,bad
3,recording3.mp3,51.601,391.11375,304.03400000000005,412.57700000000006,292.18600000000004,280.071,253.12724999999995,329.7195,412.47425000000004,327.3165,363.31399999999996,462.31399999999996,434.84400000000016,192.57049999999998,219.61974999999998,275.12775,293.31975,581.94525,526.9459999999999,490.39850000000007,465.59624999999994,424.4235,412.34649999999993,407.0879999999999,253.53775000000002,9.0,1.4507487813355198,good,good
4,recording4.mp3,581.8362499999996,207.57274999999987,200.78250000000008,257.4117500000001,254.2992500000001,244.71549999999988,235.47950000000006,210.14875000000006,276.74175000000014,280.62850000000026,259.30499999999995,233.28574999999995,341.6655000000001,286.9117500000002,260.68949999999984,242.4800000000001,223.95375000000013,244.709,325.7862499999998,287.1999999999998,260.60225,291.0225,275.7129999999999,257.83900000000006,254.1067500000001,6.75,0.7958093556154481,good,good
5,recording5.mp3,179.68300000000005,361.71825,497.81050000000016,494.10425000000004,613.25,827.6677499999996,371.1947500000001,342.80550000000005,448.3125000000001,507.7812499999999,1173.5684999999999,441.57275,394.21374999999995,348.9265000000001,402.39425,520.362,397.17375000000004,304.5825,309.58924999999994,285.32725000000005,402.8959999999999,259.7015,1137.09375,787.9385,180.89800000000002,3.5,-0.6987149147276965,bad,bad
6,recording6.mp3,6.86075,281.72825,244.18425000000008,218.13875000000007,1046.3442499999999,291.4017499999999,277.30550000000005,261.00424999999996,389.86125000000004,248.37050000000005,203.86750000000006,823.6387500000001,288.93125000000003,223.02775000000003,511.74500000000006,313.471,267.123,270.34225,250.62599999999998,753.3862499999999,259.0257500000001,273.69075,798.2459999999999,486.3319999999999,300.82525000000004,3.1666666666666665,-1.0781597017245812,bad,bad
7,recording7.mp3,160.02,186.28974999999997,193.52125000000004,258.97874999999993,280.50275,104.54925,97.27000000000001,163.48025,170.19324999999998,396.92600000000004,299.71675000000005,123.84,129.39575000000002,336.86600000000004,308.04375,293.19025,285.49625,261.686,134.47325,62.589999999999996,350.59074999999996,586.9615,325.4525,297.56175,223.981,6.75,0.5826394719641854,good,good
8,recording8.mp3,290.931,293.3354999999999,289.5102499999999,366.25675,320.5995,297.8832499999999,329.24800000000005,300.45449999999994,389.11525,289.77475,529.94975,546.0637500000001,379.8550000000001,332.83625,333.63199999999995,480.41499999999985,524.1707500000001,464.99399999999986,397.37749999999994,441.053,438.27574999999996,394.11325,394.1117500000001,394.404,394.2955,6.2,-0.05719457093742891,okay,good
9,recording9.mp3,234.9025,1083.8034999999998,286.41525,1046.9,1261.4227499999997,655.3054999999999,1194.268,377.82625000000013,811.5485,993.3887499999998,984.9829999999996,1172.4372500000004,517.5889999999999,790.3050000000002,1080.525,1323.0800000000002,580.0620000000001,476.01899999999995,812.2467500000001,1255.9909999999995,440.162,1030.2177499999998,1163.8455000000001,355.25975,1505.7935000000002,4.0,-0.7707230685441557,bad,bad
10,recording10.mp3,305.08325,214.15574999999998,4768.72675,778.81925,143.04049999999995,184.95975,138.94125000000003,2373.0147500000003,13437.115250000006,730.0552500000001,150.60075,134.055,149.11524999999997,2465.4107500000005,13532.444999999998,2445.0337499999996,330.74774999999994,2540.4577500000005,241.80775,2536.6477499999996,322.31850000000003,4630.1320000000005,5122.3935,111.71774999999998,6682.18025,4.25,-0.9654642937168632,bad,bad
11,recording11.mp3,67383.41725000001,41201.510749999994,12294.796750000001,24355.289999999997,13409.190249999996,279.78225,45742.4645,14818.93375,26611.866500000004,22702.666500000003,684.24625,5049.977250000001,19514.226500000004,12406.663250000001,9920.976250000002,5134.041750000002,5208.144249999999,383.81675,36139.75475,14887.564750000001,14708.507249999995,10696.56625,213.99349999999998,31410.567749999995,67239.10725,7.5,0.7079290919959903,good,good
12,recording12.mp3,351.47125,300.22150000000005,382.20925,587.7465,241.606,487.62774999999993,365.72425000000004,939.292,891.2269999999996,219.98024999999998,476.19450000000006,406.9880000000001,550.0580000000001,612.1235,263.3137499999999,718.4722499999997,425.566,340.69775,820.8457500000002,1094.1695,221.91649999999998,188.06674999999998,187.673,127.39775000000002,132.60524999999998,6.75,0.8110680654102282,good,good
13,recording13.mp3,8867.831,6757.2744999999995,4591.2695,2394.861999999999,2986.2224999999994,205.34274999999994,2283.48325,4544.282999999999,2422.8490000000006,632.34325,614.53825,198.96724999999998,716.4605,6741.750999999998,2771.46625,2545.9012500000003,230.78875,133.58975,4701.82775,452.3785,2864.7102500000005,123.75825000000005,2568.25775,4901.77825,16.3495,3.7142857142857144,-0.5085442397043843,okay,bad
14,recording14.mp3,200.755,447.6585000000002,493.37825000000004,466.36224999999985,2433.2660000000005,309.30150000000003,291.59700000000004,227.86500000000007,472.70475000000005,774.16625,1812.3342500000006,387.3265,389.43275000000006,328.8542500000001,421.83950000000004,1829.592,443.75675,502.55075000000005,404.15649999999994,490.05774999999994,2087.421,658.28475,1859.6727500000002,379.94874999999996,245.79325000000009,3.75,-0.441303884567647,okay,bad
15,recording15.mp3,1588.045,953.7427500000001,3262.8135000000007,1172.7600000000002,1988.9894999999997,282.33750000000003,343.59250000000003,1490.4425,243.02875000000003,1654.2775000000001,893.5692499999998,312.05550000000005,949.9552499999998,821.2235000000001,1306.2095,699.9157499999998,357.79724999999996,279.6575,2218.580000000001,2842.0342499999997,3378.3969999999995,3952.632499999999,1497.4480000000003,290.54325000000006,19415.298749999998,5.125,-0.05059468844180545,okay,good
16,recording16.mp3,255.58624999999992,398.83075,336.3542500000001,859.7009999999998,221.86300000000006,180.79700000000003,89.386,116.651,228.79725,246.33599999999996,617.6307499999999,207.88774999999995,133.61475000000002,36.905,162.27900000000002,163.70175,255.4215,225.36975,1439.37775,177.53750000000008,262.10524999999996,386.493,246.8575,697.6042499999999,161.71175000000002,4.75,-0.6533562824915689,bad,bad
17,recording17.mp3,704.75175,573.1842500000005,320.39199999999994,618.6127500000001,384.0200000000003,379.8082500000004,374.11000000000024,421.99574999999993,347.71999999999986,604.6649999999996,550.2562499999999,374.8219999999998,598.8589999999998,916.3229999999992,371.1715,473.85675000000003,749.2482500000008,2296.2490000000007,805.3082500000003,586.1169999999998,432.9290000000001,521.465,347.6144999999999,339.1487499999998,255.5265,3.6,-0.9490996007020007,bad,bad
18,recording18.mp3,707.27825,347.7039999999999,279.71825,1322.0645,1303.5309999999993,306.01675,419.602,450.73525,372.2135,255.18524999999994,2231.3435,328.98425,840.5055,342.62375,494.7054999999999,663.8805,354.13475,334.00700000000006,273.11725,593.48825,555.7005000000001,377.635,2333.2172500000006,317.42674999999997,312.75775,4.333333333333333,-0.5067155589213489,okay,bad
19,recording19.mp3,440.9105000000001,246.79325,492.48474999999996,671.9922500000002,260.28574999999995,146.90825000000004,124.08224999999997,115.99824999999998,584.8785000000003,808.8612499999998,217.767,199.47075,301.04175,375.35324999999995,516.3690000000001,549.1719999999999,322.81350000000003,1867.9692499999996,187.767,45.88525,176.51749999999998,311.91274999999996,234.48599999999996,639.6022499999997,207.44125000000003,4.0,-0.4015524084810709,okay,bad
20,recording20.mp3,655.0534999999999,194.42124999999993,205.4384999999999,329.84300000000013,282.87300000000005,205.85399999999998,247.20499999999993,578.7392499999999,311.2427500000001,335.5364999999999,307.18125,250.1984999999999,256.12974999999994,329.16700000000003,293.1924999999999,263.0355000000003,253.17400000000006,240.21450000000004,183.66875,287.26424999999983,280.24475,265.64975,275.08800000000014,256.0360000000001,246.652,5.166666666666667,0.11807560760913009,okay,good
21,recording21.mp3,109.02225000000001,397.2032500000001,115.877,124.89650000000003,121.85975000000003,110.16324999999999,256.40749999999997,174.25475,131.45799999999994,121.421,149.74525000000003,1440.17025,602.0495000000001,128.21450000000002,152.75175,110.88025000000005,138.11474999999996,190.49174999999997,174.524,439.9245000000001,155.2175,121.59025,129.5235,130.28125,126.00350000000003,6.875,0.5856431713844783,good,good
22,recording22.mp3,1301.7117499999995,1345.7105000000004,1427.365,1323.10075,1421.39825,1665.5674999999999,1634.6784999999998,1466.4997500000002,1301.359,1455.1292500000004,1416.6235,1309.9122499999999,1872.095999999999,1903.5947500000002,1674.6770000000004,1307.828,1858.3077499999995,1712.1789999999996,1575.9085,1477.5142500000002,1612.39325,2333.5525,1911.449,1924.76675,2554.593250000001,5.25,-0.12765657157068602,okay,bad
23,recording23.mp3,982.5662499999999,748.7187499999999,365.95449999999994,977.6662500000002,394.72225000000014,145.22825,413.8555,540.998,298.78975,511.66674999999987,1004.85,313.24725,576.7237500000001,368.95050000000015,505.93375000000015,529.37975,2680.633,484.85350000000005,261.42100000000016,689.7675000000002,582.988,537.3655,515.113,395.59125,368.24500000000006,6.714285714285714,0.7276215312962748,good,good
24,recording24.mp3,343.58299999999997,432.186,853.9,261.9797499999999,252.2177500000001,253.33775,2722.6600000000003,2614.0775,193.988,1007.1672500000004,300.85925000000003,289.46825,374.7477500000001,2728.4525000000003,357.307,726.8235,297.7325000000002,282.36024999999995,260.45875000000007,12424.198749999998,365.4225,278.94075,3282.4987499999997,291.68549999999993,265.20025,4.2,-0.30227299123856,okay,bad
25,recording25.mp3,590.6612500000002,614.0500000000001,208.05550000000002,355.9435,173.6045,171.50324999999998,238.17649999999998,252.62850000000003,191.82374999999996,491.71325000000013,172.59650000000005,148.868,793.1037500000002,180.32049999999998,1567.2545000000005,163.198,266.41925000000003,211.08249999999998,167.89974999999998,130.73774999999998,582.0395,297.96650000000005,230.75775,212.39249999999993,191.7855,3.5714285714285716,-0.9133695173095344,bad,bad
26,recording26.mp3,942.5064999999998,364.5322499999999,522.40575,319.6,311.43399999999997,613.7405000000001,375.9095000000001,735.36075,338.2445,309.78825000000006,751.7755000000002,327.38575000000003,1466.91275,865.948,322.79875000000004,312.9485000000001,319.6840000000001,276.37199999999996,266.6505,932.2784999999998,365.16150000000005,786.7092500000003,426.3612499999998,285.62750000000005,661.80225,3.8,-0.9760523780939652,bad,bad
27,recording27.mp3,483.58725000000004,490.3507500000002,420.40825000000007,880.7000000000002,382.168,280.49475,483.4952500000001,553.0842500000001,735.0849999999998,1047.8839999999996,406.675,335.59450000000004,1020.6062499999998,382.22974999999997,473.10575,626.3155000000002,428.51725000000005,452.28075000000007,893.17325,726.3617500000001,516.14225,740.7919999999998,1298.4704999999997,410.81624999999997,274.4027499999999,4.8,-0.008157769147890948,okay,good
28,recording28.mp3,818.8752499999999,522.4425000000001,267.938,607.2270000000001,278.2502500000001,371.84149999999994,210.33800000000005,547.3467499999998,397.8492500000001,658.57375,313.38475,295.86150000000004,499.55925000000013,450.0200000000001,617.3562500000002,1079.16075,267.10499999999996,246.04100000000003,208.69400000000002,336.74550000000005,533.4475000000001,467.6735,299.82975,276.476,159.50050000000002,7.0,0.952025981877289,good,good
29,recording29.mp3,2829.11375,1331.6617500000004,922.2262500000003,308.20799999999997,291.89074999999997,325.13,544.2022499999999,1380.4644999999998,1162.6127499999996,336.7487499999999,308.2165000000001,754.1659999999999,434.18225,2204.0552500000003,527.109,415.9839999999999,516.9097500000001,337.31000000000006,569.278,505.40650000000005,478.0232499999999,2066.7087500000002,344.5827499999999,311.77625,309.494,6.25,0.23083432192373687,okay,good
30,recording30.mp3,204.70399999999995,220.32025000000004,204.57074999999998,350.168,255.8680000000001,254.40449999999996,271.27575,198.07975,206.58675,272.95399999999995,270.0182500000001,266.83425,311.349,1177.6574999999998,283.85350000000005,253.61599999999999,274.3684999999999,228.39325,331.35499999999996,332.3292499999999,312.537,263.00024999999994,302.88700000000006,273.817,272.886,7.5,0.8372060667541331,good,good
31,recording31.mp3,327.18424999999996,538.6730000000002,1082.5712499999995,2023.9875000000004,351.10450000000003,876.7639999999999,763.8192500000001,492.5204999999998,672.72575,1873.9644999999994,560.7304999999999,685.4497500000001,788.4377499999998,438.96275,677.113,1509.8695,370.00749999999994,775.3209999999998,725.5385,522.808,425.462,794.01875,2614.632,520.8500000000001,426.15175,8.166666666666666,1.076238010913836,good,good
32,recording32.mp3,609.4985000000001,475.2369999999999,1503.1692499999997,380.717,385.90075,1511.6659999999997,517.3215,705.891,1342.841,408.8227500000001,379.11475,1039.0149999999996,638.2059999999999,1232.4155000000005,1116.3855000000003,599.914,314.26474999999994,746.02775,509.73849999999993,753.27725,384.93625,756.7124999999999,398.5395,381.74675,400.49075000000005,7.166666666666667,0.7789614165002886,good,good
33,recording33.mp3,189.09500000000003,220.56250000000006,226.988,255.6692500000001,255.13174999999993,201.24200000000002,217.02474999999998,190.51700000000005,287.6705,268.44074999999987,260.54275000000007,192.55024999999995,369.11625000000004,507.6297499999999,465.2032499999999,363.36800000000005,228.42000000000002,215.47175,357.12799999999993,329.08000000000004,276.71350000000007,285.673,259.6445,255.95724999999993,255.68300000000005,5.8,0.3316417669375206,okay,good
34,recording34.mp3,179.0315,342.2557499999999,417.8932499999999,367.62675,398.3285,505.22950000000003,337.0755,276.833,936.4105000000002,315.88374999999996,290.77075,143.73899999999995,349.005,556.6062499999999,446.6725000000001,1352.94325,256.59275,247.54850000000002,392.6249999999999,450.53049999999996,359.23400000000004,303.14399999999995,324.8367500000001,289.91325,287.71975,7.666666666666667,1.0549211935821872,good,good
35,recording35.mp3,452.8512499999999,292.85675000000003,405.2732500000001,1253.04275,362.54274999999996,331.84325,1344.5005000000006,392.7307499999999,299.05724999999995,1255.262,381.47225000000003,379.31850000000003,477.03600000000006,636.7782499999998,433.0582499999999,895.4029999999997,633.3625,1233.8820000000003,1189.41275,1190.7810000000004,434.38274999999993,907.9630000000001,947.7760000000001,362.12649999999996,338.23924999999997,8.25,1.629736715095023,good,good
36,recording36.mp3,347.6645,592.5655,228.77200000000002,468.058,296.9997499999999,291.1817500000001,497.50750000000005,667.102,308.13025000000005,343.869,315.88325,360.675,340.6857499999999,1031.4355,473.17375000000004,1506.8115,1216.8120000000001,256.92449999999997,585.7545000000002,394.33375000000007,373.65425,1060.2395000000001,346.32125,312.957,305.99875,6.857142857142857,0.5564783678105519,good,good
37,recording37.mp3,580.8580000000002,525.0599999999998,458.30975000000007,946.0645000000004,394.89400000000006,115.55975000000001,522.7059999999999,584.5589999999999,358.92024999999995,835.0737499999999,189.329,144.80800000000002,329.34675,522.118,331.31200000000007,442.4442499999999,454.17024999999995,487.3262499999998,548.6467500000001,371.64525000000003,368.51025,384.91549999999995,1020.4204999999998,422.7490000000001,376.2355,3.0,-0.7991378081073695,bad,bad
38,recording38.mp3,361.54024999999996,595.2439999999999,355.55549999999994,1230.9482500000001,276.39949999999993,494.053,443.52825,326.44375,690.2260000000002,1343.45125,286.93375000000003,367.62475,338.8447499999999,407.7155,903.8792499999997,441.64524999999986,287.84324999999995,259.72799999999995,228.42199999999997,490.39925000000005,483.94024999999993,739.3415000000001,1331.8075000000001,303.62475000000006,284.14725,7.428571428571429,0.822832756472119,good,good
39,recording39.mp3,5097.129750000002,14111.824000000002,12086.6485,12422.674500000005,1069.7744999999998,568.72425,4036.5190000000002,9576.067000000001,9365.342500000002,11507.31225,1890.261,296.63525000000004,4117.509749999999,8126.03925,7975.2735,943.0419999999998,1498.33825,2169.4477499999994,219.22974999999997,3097.76675,364.67374999999987,2345.692,9928.036749999997,260.467,1950.6119999999987,5.375,-0.2303914042001926,okay,bad
40,recording40.mp3,533.9777500000002,383.50275,2381.8077499999995,769.0695000000001,285.9387500000001,345.67125,263.5165,254.95575,662.6737499999999,783.0624999999997,302.12175,592.0762500000001,360.28525,315.96125,300.91549999999995,389.05550000000005,237.54700000000003,269.25849999999997,244.579,521.0864999999999,374.75149999999996,249.32249999999993,430.453,327.0640000000001,297.08125,4.166666666666667,-0.40718314858747945,okay,bad
41,recording41.mp3,583.5137499999998,609.7145,468.99350000000004,379.16275000000013,667.3629999999999,363.8639999999999,642.66825,564.121,434.62725,392.63,394.91399999999993,516.84925,495.94875000000036,424.2875,369.06875,528.2675,656.0727499999999,564.5200000000001,615.6007500000001,469.084,405.60975,443.1562500000001,438.3455000000001,432.2554999999999,391.33399999999995,5.5,0.2003130595697376,okay,good
42,recording42.mp3,370.13975,354.39900000000006,350.33250000000004,352.9454999999999,322.6070000000001,427.6465,395.1930000000001,491.4862500000002,582.2470000000001,494.9765000000001,459.47350000000006,398.92475,374.4537499999999,353.8772500000001,576.1092500000001,600.4329999999999,558.72425,472.14124999999996,446.1097500000001,394.25699999999995,422.16124999999994,452.149,396.2802499999999,399.23725,396.5215000000002,5.888888888888889,0.08075371219245873,okay,good
43,recording43.mp3,380.74699999999996,383.104,402.51949999999994,342.57399999999996,446.79574999999994,688.5445000000001,405.3954999999999,307.8314999999999,188.09025,283.9755,376.68225,247.77924999999996,297.242,325.20775,352.92875000000004,194.61425,324.0592500000001,563.3580000000001,471.1542500000002,246.05475,358.7435000000001,286.6912500000001,188.8765,178.68075000000002,333.4045,4.222222222222222,-0.44426707857684733,okay,bad
44,recording44.mp3,1117.9695000000002,1602.2262499999997,1868.7532500000002,1043.15,947.6999999999998,1887.5510000000002,1391.0447499999998,1076.4479999999999,1926.6872499999997,1737.9157500000001,853.7657499999999,1002.604,1287.3670000000006,1149.3317499999998,2048.348500000001,591.79325,469.4525,244.62399999999994,86.70275000000001,98.93574999999998,622.1384999999999,1257.66175,1652.3229999999999,1028.6330000000003,814.6897500000002,4.25,-0.5469681434535538,okay,bad
45,recording45.mp3,406.9327500000001,235.475,145.60224999999997,637.9820000000002,272.9915,238.79300000000003,101.9715,295.23,235.70699999999994,1138.6922499999998,353.02075,278.2752500000001,86.13975,329.553,477.04824999999994,629.8465,515.1327500000003,283.06975000000006,586.2312500000004,247.4595,424.526,236.88674999999998,915.653,257.16800000000006,368.0655,6.0,0.19038210054436402,okay,good
46,recording46.mp3,532.268,194.31000000000003,217.76900000000006,219.66475,171.14999999999995,167.7955,160.04625,206.22150000000002,327.418,249.3315,252.70425,218.85174999999998,341.8162500000001,242.31950000000012,193.42475000000007,232.234,286.24075,242.09550000000004,277.87649999999996,215.54050000000007,211.79100000000003,287.4952499999999,248.60724999999996,230.01350000000002,232.63624999999996,6.0,0.04312303966839997,okay,good
47,recording47.mp3,327.30474999999996,361.29850000000005,237.93625000000003,1040.60875,316.565,231.60475000000005,323.35575,351.5159999999999,172.09849999999997,606.9024999999998,328.45725000000004,96.04124999999999,116.28325,265.91024999999996,478.9754999999999,728.5937500000001,297.77325,376.83425000000005,227.84324999999998,73.711,294.10825,340.96475,1240.0529999999999,319.214,447.4214999999998,5.454545454545454,-0.054915694740309245,okay,good
48,recording48.mp3,250.31475,1378.13875,420.05924999999996,319.072,296.27699999999993,317.4477499999999,257.62375,242.85150000000007,829.96325,331.53824999999995,307.3694999999999,280.48775,446.96025,738.5915000000001,789.0680000000001,1048.3300000000002,284.4635,440.66075,1119.2285,412.26075000000003,343.12624999999997,310.48724999999996,334.575,309.75200000000007,303.7892499999999,6.833333333333333,0.708551425209985,good,good
49,recording49.mp3,947.1205000000002,300.5092499999999,248.46950000000007,241.76149999999998,232.90750000000003,233.33749999999992,234.52899999999983,348.1819999999999,314.78899999999993,278.2484999999999,248.1987500000001,247.25325000000012,327.7905000000001,475.05250000000007,352.95100000000014,254.28549999999996,251.03000000000014,243.09499999999997,559.476,739.2819999999994,277.44299999999987,272.6650000000002,252.59799999999981,257.82425,247.49874999999992,4.857142857142857,0.029119184061202546,okay,good
50,recording50.mp3,292.1479999999999,271.96524999999997,303.25350000000003,322.39549999999997,230.34775000000008,153.98250000000002,582.2147500000003,292.81650000000013,394.8339999999997,335.86900000000026,374.9302500000001,369.70399999999984,359.874,253.57500000000005,453.92875000000015,285.90750000000025,384.5067499999999,147.187,142.6905000000001,316.86875000000015,311.75175,298.1330000000001,251.61924999999997,362.63974999999994,196.57824999999997,3.2,-1.0078852445778488,bad,bad
51,recording51.mp3,754.6315000000002,378.5937500000004,316.79999999999984,298.99800000000016,268.6242500000002,242.27099999999987,721.027,321.9320000000002,304.6650000000001,294.4960000000002,458.47974999999997,359.61749999999995,361.38749999999976,333.79125000000033,306.72499999999985,272.63800000000003,319.10225000000025,342.5527500000003,336.51525000000004,261.64374999999995,279.0360000000002,272.93400000000014,251.47599999999994,246.43400000000005,245.45000000000005,4.285714285714286,-0.549847107328198,okay,bad
52,recording52.mp3,921.5130000000001,164.25725,1625.8300000000002,198.32875000000004,189.11874999999998,164.50375000000005,731.0442499999998,569.5465,228.39849999999996,260.3315,1085.0434999999998,246.82450000000003,574.9717499999999,180.21224999999998,241.65950000000004,302.25175,372.48625,1221.2585000000001,215.53125,524.3870000000001,240.49049999999997,214.21175,217.40275000000003,212.08625,213.17975,7.0,0.9877768766889173,good,good
53,recording53.mp3,551.574,914.33575,864.5619999999997,700.3757499999999,303.90975,134.43975,396.1169999999999,1399.39375,1328.10675,206.50499999999997,160.2395,739.944,440.49375,1326.1692500000004,560.70925,188.34674999999993,142.08850000000007,148.69274999999996,121.28299999999999,232.12850000000003,1136.10325,1480.06825,163.82899999999992,133.47525,125.15225000000005,5.0,-0.2956824172119396,okay,bad
54,recording54.mp3,29724.62625000001,2940.9805,24401.982750000003,17681.578749999993,298.1122500000001,488.63025,38759.381499999996,38789.66825,27001.578499999996,12932.85775,999.6822500000001,588.0395000000001,12742.423000000003,31876.11625,12665.321250000005,23181.559250000006,10440.404499999999,26767.40625000001,326.29975,316.44424999999995,5633.1894999999995,17858.963000000003,8221.201499999997,399.42225,33822.57875,6.6,0.3699534013444731,okay,good
55,recording55.mp3,265.5445,1056.80675,1187.8109999999997,469.03650000000005,287.89424999999994,291.5515000000001,277.98175000000003,904.8507499999998,903.9262499999999,325.25575000000003,298.97775,291.70250000000004,229.65950000000004,2177.34125,506.36450000000013,1067.292,365.64549999999997,265.3892499999999,250.06199999999995,411.52874999999995,666.8530000000001,297.33175,1259.4840000000002,310.66874999999993,294.2730000000001,8.333333333333334,0.5603418957344914,good,good
56,recording56.mp3,2556.89775,2554.6165,395.47324999999995,1110.3977500000005,227.60924999999997,392.9889999999999,347.26249999999993,2506.7140000000013,2568.8762500000007,986.89925,316.107,735.9982500000001,461.00874999999996,2611.60675,441.18475000000007,3425.5787499999997,250.33225,305.9962500000001,1023.6954999999998,345.14149999999995,493.43575,2548.4175000000005,1146.62275,340.4787500000001,216.30900000000003,3.125,-0.9324146243426849,bad,bad
57,recording57.mp3,454.7505,983.46875,875.9395000000001,308.85249999999996,289.54775,275.102,490.70725000000004,522.2665,817.93875,325.9985,302.7197499999999,479.05625,3152.3737499999997,2012.85025,493.27750000000003,422.83024999999986,410.54449999999997,326.5377500000001,651.4367499999998,661.4427499999999,899.10375,703.4762499999999,337.48300000000006,307.02074999999996,301.80425,6.375,0.4415661338957173,okay,good
58,recording58.mp3,3101.080750000001,2557.5224999999996,2836.0935,3025.4345,151.43174999999997,1926.7040000000004,857.51775,5913.628750000001,9938.129500000001,3113.7652499999995,297.4027500000001,201.17949999999996,1473.37925,2630.39525,2596.478,538.84875,404.9222499999999,4991.35975,266.33350000000013,110.02475000000001,245.79499999999993,2623.8022499999997,321.09999999999997,3003.241499999999,167.02025000000006,4.285714285714286,-0.6704807332833536,bad,bad
59,recording59.mp3,321.3617499999999,386.06299999999993,1271.58875,262.73175000000003,254.38849999999996,366.54125,381.97325000000006,1228.06925,304.20425,274.5472500000001,267.60325,1477.5430000000001,359.74025000000006,580.3625,837.7819999999999,725.5557500000001,268.0565,326.82825,478.27125000000007,577.7460000000001,484.67074999999994,1223.2125000000003,271.85175,258.11825,386.99975,4.5,-0.14864173891887383,okay,bad
60,recording60.mp3,250.8025000000001,338.61675,551.12825,289.18225,264.29975,144.81475000000003,270.83849999999995,671.8220000000001,290.94025,275.30075,453.6070000000001,300.92975000000007,395.2387499999999,465.99574999999993,1791.0622499999997,485.58325,371.1387499999999,627.64375,447.46400000000006,313.37050000000005,512.7342500000002,952.3605,285.3427499999999,291.25800000000004,229.24750000000003,7.25,1.1476253618573231,good,good
61,recording61.mp3,7662.744000000004,403.1205000000001,606.18875,1269.1589999999999,293.1155,361.76224999999994,7440.552250000001,2878.667,2829.6884999999997,4206.21125,323.00149999999996,427.03875,7663.993499999997,401.29675000000003,479.1840000000001,4289.077249999998,384.8060000000001,432.15675,683.0595,552.2919999999998,423.76525000000004,503.871,1545.1682499999995,288.374,432.6545,5.25,-0.1701294364694597,okay,bad
62,recording62.mp3,591.597,2077.9627499999997,866.19375,795.475,297.37250000000006,289.86249999999995,950.0947499999999,2184.8817499999996,2227.3934999999997,341.75675000000007,311.44725000000005,1031.109,810.30225,3591.9637500000003,1000.983,308.6124999999999,452.75474999999994,365.17500000000007,880.0167500000001,484.68025,2813.80425,1444.234,878.4654999999999,309.18499999999995,4302.6155,7.625,0.8387052218473142,good,good
63,recording63.mp3,969.918,621.5719999999999,812.739,608.8225,347.48849999999993,881.4617499999998,838.6670000000001,528.7379999999999,1170.6107500000003,444.14549999999997,383.1735,778.69975,1173.6847500000001,951.0717499999997,531.08925,1285.6440000000005,389.63550000000004,682.8842500000001,337.7552499999998,801.61925,1104.371,583.5672500000002,857.9870000000003,529.5775000000002,256.44525,4.7,-0.18170292220628498,okay,bad
64,recording64.mp3,667.0317499999999,466.10625,296.46025,542.08075,438.96675000000005,590.0545000000001,376.47850000000005,344.4575000000001,549.7964999999999,485.8512499999999,908.0467499999999,540.419,613.2789999999999,735.0524999999998,840.3072500000001,778.5912500000002,511.96875,501.3432499999999,874.0124999999998,201.10549999999995,744.5372500000001,291.89075,285.8595,289.84875,284.45525,4.25,-0.4731005842574867,okay,bad
65,recording65.mp3,1246.8470000000004,2156.17175,1682.3682500000002,1940.3725000000002,472.14425,1013.5490000000002,1664.7917499999999,998.5594999999997,896.4399999999999,724.0667500000001,2020.2249999999997,903.5129999999999,1379.04975,1807.6030000000005,3998.624,1023.6117499999997,668.89825,2086.9312500000005,850.701,2713.77375,2185.43375,371.8489999999998,1014.8605,334.07075000000003,319.78075,7.0,0.5548096947121389,good,good
66,recording66.mp3,296.66425000000004,325.83324999999996,332.14500000000004,404.23825,535.99575,303.4207499999999,319.35499999999996,376.56850000000003,416.2969999999999,530.8397500000002,340.5525,421.7887499999999,581.0695000000002,460.89974999999987,524.1987500000001,349.17025,330.99075,426.35225,502.2464999999999,528.12375,450.79724999999996,566.7495000000001,429.5527500000001,570.59325,354.74199999999996,6.666666666666667,0.48065263257041746,okay,good
67,recording67.mp3,983.8745000000002,538.5602500000003,306.12749999999994,219.10274999999984,289.7149999999999,462.03925000000015,482.4222499999999,417.6222499999999,426.0362500000002,200.22825,322.31624999999997,805.3172500000001,464.92049999999983,419.6932500000001,281.93525000000005,257.9285000000001,363.34875,429.95249999999976,382.03100000000006,492.40774999999985,435.46124999999984,403.25149999999996,397.42550000000017,409.1992499999997,398.5702499999999,4.0,-1.1084891292446444,bad,bad
68,recording68.mp3,2678.220250000001,283.562,463.68775000000005,222.4,212.2210000000001,273.45075,1094.6189999999995,241.26349999999994,453.3924999999999,251.91399999999993,229.89400000000006,225.65599999999995,226.0900000000001,336.2190000000001,320.0144999999999,350.64275000000004,424.3085000000001,230.1035000000001,332.5525,642.71675,339.9492499999999,315.07325000000026,445.66074999999984,216.94899999999998,261.82975000000005,4.857142857142857,0.026459203759647183,okay,good
69,recording69.mp3,785.4360000000001,404.754,545.18525,1144.2557500000003,211.221,97.53524999999999,457.78475,1303.3425,1121.414,1019.318,187.257,991.3932500000001,931.6292500000002,352.093,890.2007500000002,264.5634999999999,566.5527499999998,541.89725,0.0,614.0304999999997,536.89275,1486.5697499999997,1621.88125,223.24049999999997,268.47674999999987,5.5,-0.32697387213716433,okay,bad
70,recording70.mp3,198.94975000000002,641.8832499999999,396.21450000000004,279.68550000000005,244.9145,245.1455,336.779,453.39825,348.26650000000006,324.9145,280.23100000000005,307.9150000000001,386.1882499999999,378.7885,309.8222499999999,261.13425,249.17224999999993,366.29650000000004,347.58774999999997,332.29499999999996,315.99375000000003,285.477,286.20525000000004,258.69475,258.05625000000003,8.5,1.0375643087005808,good,good
71,recording71.mp3,319.0342500000001,302.7394999999999,347.29625000000016,341.524,364.24024999999995,356.0475,348.3385,349.49649999999997,360.52349999999996,261.22424999999987,330.19000000000005,396.293,357.04449999999997,367.14225,293.86125000000004,304.2632499999999,358.495,360.54824999999994,391.31425,402.4949999999999,361.83599999999996,351.23825000000005,351.62449999999984,351.10950000000014,350.7640000000001,8.285714285714286,1.1591322344456245,good,good
72,recording72.mp3,790.0525000000005,638.3567500000001,295.90449999999987,277.1362500000001,287.92649999999986,315.71824999999995,219.44274999999988,237.77075,380.8787499999999,334.8432500000001,312.194,292.1354999999998,293.84950000000003,310.9712499999998,425.9840000000002,488.37275,380.6177500000001,350.34925000000004,225.03849999999997,511.15650000000005,342.12199999999996,343.7614999999999,337.3574999999999,307.8259999999999,296.04274999999996,6.714285714285714,0.6077446273577911,good,good
73,recording73.mp3,684.1234999999999,255.43150000000006,292.53599999999994,266.2860000000001,269.09199999999987,220.55299999999994,262.10149999999976,255.97000000000008,329.0085000000002,305.1515,275.6595000000001,253.25599999999994,227.94,323.12525000000005,331.101,257.1372500000001,260.52025000000003,220.78674999999984,229.88324999999995,314.37925000000024,293.1940000000001,282.66949999999997,262.0067499999999,240.49449999999985,240.62624999999989,2.8,-0.9429375250699626,bad,bad
74,recording74.mp3,1061.1665000000005,513.7492500000001,276.1817500000002,631.2174999999996,221.87450000000007,294.2864999999999,289.06724999999994,294.4652499999997,291.4289999999999,278.32825000000014,256.96475,255.95449999999974,260.746,265.74350000000004,570.5460000000004,474.81324999999987,466.83150000000006,410.5852500000001,418.9752500000001,207.37224999999984,292.91575,300.91800000000006,446.89700000000005,244.80600000000013,245.98350000000013,4.6,-0.13504067425784932,okay,bad
75,recording75.mp3,900.4827500000004,653.0632499999995,266.31575,783.1299999999997,375.60274999999996,677.5025,992.7724999999995,265.7349999999998,266.044,264.7180000000001,397.37649999999996,527.0042500000002,771.3812500000005,1243.004,319.1262499999999,694.9112499999995,644.5935000000001,613.2874999999998,278.63300000000015,518.3352499999995,250.75199999999987,254.33400000000015,252.01400000000007,254.07199999999995,251.7279999999999,5.0,-0.13824417714028034,okay,bad
76,recording76.mp3,9912.767750000003,382.38049999999987,2722.74175,5818.039000000002,360.90675,19285.445750000003,17109.800499999998,2713.8197499999997,10037.004250000002,5969.424250000001,229.77700000000004,12127.834749999998,17007.207749999994,2728.84325,5376.20775,2840.8824999999997,2498.4782499999997,200.45325000000005,180.71125,17069.977750000005,2719.9097500000003,440.0675,3527.455500000001,263.8405000000001,4951.208250000001,5.375,-0.10306884597709662,okay,bad
77,recording77.mp3,371.28124999999994,253.4350000000001,389.24174999999985,325.40025,306.94825,294.33525,382.4042500000001,229.3255,246.37400000000002,1462.16725,608.2930000000001,310.50300000000004,360.13775,225.99824999999996,702.2974999999999,490.87675,271.851,267.62974999999994,255.78525000000005,383.5825,889.4402499999999,289.95149999999995,1618.5357500000005,303.01275,261.31825,6.75,0.21245609572473048,okay,good
78,recording78.mp3,326.97599999999994,2591.6624999999995,505.8417499999997,315.9125,390.5184999999999,3170.1797499999993,328.30724999999995,430.6670000000001,2534.808,2648.45,15892.786499999998,13337.607250000001,17817.668500000003,317.77349999999996,353.54325000000006,2588.6207500000014,369.1962500000001,5041.72625,2588.5705000000003,385.8655000000001,398.39475000000004,902.4652499999999,1158.0867500000006,9042.160750000003,13445.461500000005,2.4,-1.1660607365606712,bad,bad
79,recording79.mp3,411.66925000000003,211.06,470.13525,213.99724999999995,386.3549999999999,420.2455,277.33299999999997,291.94925000000006,406.6925,350.8965,427.5722499999999,421.8357499999999,213.91375000000002,257.7710000000001,341.3067500000001,415.36575000000005,305.39825,212.59249999999997,189.40250000000006,90.6045,294.07899999999995,444.27225000000016,285.33150000000006,238.85949999999997,197.8145,2.4285714285714284,-1.4361033830758154,bad,bad
80,recording80.mp3,301.4255,525.74075,365.838,535.3539999999998,258.2295000000001,469.33374999999995,358.81425,248.68774999999997,507.80150000000003,443.03599999999994,542.5432500000001,248.41649999999998,316.8734999999999,503.07575000000014,490.21850000000006,475.765,354.7317500000001,430.2777499999999,472.50374999999985,225.48000000000002,206.321,215.49599999999995,383.95400000000006,323.16225000000003,539.62575,1.8571428571428572,-1.6131067610849585,bad,bad
81,recording81.mp3,165.44374999999997,188.7655,233.88049999999998,161.06699999999995,910.0020000000001,346.578,328.3312500000001,116.85975000000003,124.07550000000003,897.5872500000003,405.97725,437.9925,340.5705,147.72375,429.78475,226.13875,192.51350000000002,192.21125000000004,478.7165000000003,488.0227500000001,327.1757500000001,187.77900000000005,211.25050000000002,195.09225,170.44625,1.1666666666666667,-1.707811273864899,bad,bad
82,recording82.mp3,283.72625,454.49500000000006,599.8475,608.0467499999999,1334.1737499999997,920.46975,393.72999999999996,518.61175,430.06500000000005,469.6335000000001,445.71225000000004,304.879,558.41075,585.3042499999999,563.8805,511.4677500000001,648.1642499999999,361.18025,395.42524999999995,490.45849999999984,494.9897499999999,424.08299999999997,438.49450000000013,461.01575,298.26800000000003,2.0,-1.7303354805555349,bad,bad
83,recording83.mp3,299.24625,298.10774999999995,445.009,575.7837499999999,370.06075,371.22174999999993,309.89275,296.68149999999997,344.5660000000001,753.57475,603.68375,394.501,584.6327500000001,500.5237500000001,446.59925000000004,374.4905,363.26199999999994,330.37225,400.101,518.85125,496.14825,597.134,622.6735000000001,673.91275,781.18475,8.0,1.0869434378016805,good,good
84,recording84.mp3,140.07999999999998,150.78349999999998,192.63825,205.70325000000003,241.91850000000005,344.92324999999994,239.96175,266.2129999999999,182.517,169.4305,161.58074999999994,160.83150000000003,165.11324999999997,177.86074999999997,171.753,166.73100000000002,138.94324999999998,208.36525,189.06525000000005,202.39000000000004,199.55024999999995,183.86875,200.41825,184.34775000000002,179.95,8.5,1.2603669404790827,good,good
85,recording85.mp3,4761.496250000001,466.5524999999999,4978.773250000001,3743.8502499999995,301.014,252.74849999999998,538.4300000000001,9068.608000000004,6981.008749999999,5604.274750000001,298.34325000000007,2366.40925,2543.5785,13524.9365,4941.748499999999,2815.6214999999997,7111.514249999998,2573.229500000001,278.55075000000005,4827.430249999998,4643.041749999999,11567.2035,3282.4725,339.00825000000003,6884.2117499999995,3.8,-0.7913040466549386,bad,bad
86,recording86.mp3,903.7495000000001,379.28525,904.3317499999999,1200.7975000000004,271.52549999999997,216.22774999999996,276.53349999999995,399.6127500000001,1121.5317500000003,1071.8625,287.96374999999995,278.10249999999996,537.4665,772.32425,1079.4179999999994,373.40349999999995,526.9727500000001,243.1905,142.85025000000002,797.49675,395.40975,889.3455000000001,925.6272499999998,287.89125000000007,277.1804999999999,7.0,0.49457952922442555,okay,good
87,recording87.mp3,902.5172500000004,489.48800000000017,458.5294999999999,364.0494999999999,401.91924999999986,315.50825000000015,341.0437499999999,426.9485000000001,347.0907500000003,328.0322499999999,206.10950000000003,195.82649999999998,362.68950000000007,478.9129999999997,395.39199999999994,854.9117499999995,136.78375000000005,162.2425,115.38100000000004,174.13375,390.8854999999999,470.8537500000001,366.9352499999998,376.19700000000006,365.56025,3.0,-0.9007640519870218,bad,bad
